Entry	Entry name	Taxonomic lineage (ALL)	Organism	Organism ID	Taxonomic lineage IDs
P37527	PDXS_BACSU	cellular organisms, Bacteria, Terrabacteria group, Firmicutes, Bacilli, Bacillales, Bacillaceae, Bacillus, Bacillus subtilis group, Bacillus subtilis, Bacillus subtilis subsp. subtilis, Bacillus subtilis (strain 168)	Bacillus subtilis (strain 168)	224308	224308
Q63707	PYRD_RAT	cellular organisms, Eukaryota, Opisthokonta, Metazoa, Eumetazoa, Bilateria, Deuterostomia, Chordata, Craniata, Vertebrata, Gnathostomata (jawed vertebrates), Teleostomi, Euteleostomi, Sarcopterygii, Dipnotetrapodomorpha, Tetrapoda, Amniota, Mammalia, Theria, Eutheria, Boreoeutheria, Euarchontoglires, Glires (Rodents and rabbits), Rodentia, Myomorpha (mice and others), Muroidea, Muridae, Murinae, Rattus, Rattus norvegicus (Rat)	Rattus norvegicus (Rat)	10116	10116
Q59Q46	IMDH_CANAL	cellular organisms, Eukaryota, Opisthokonta, Fungi, Dikarya, Ascomycota, saccharomyceta, Saccharomycotina (true yeasts), Saccharomycetes, Saccharomycetales, Debaryomycetaceae, Candida/Lodderomyces clade, Candida, Candida albicans (Yeast), Candida albicans (strain SC5314 / ATCC MYA-2876) (Yeast)	Candida albicans (strain SC5314 / ATCC MYA-2876) (Yeast)	237561	237561
P12268	IMDH2_HUMAN	cellular organisms, Eukaryota, Opisthokonta, Metazoa, Eumetazoa, Bilateria, Deuterostomia, Chordata, Craniata, Vertebrata, Gnathostomata (jawed vertebrates), Teleostomi, Euteleostomi, Sarcopterygii, Dipnotetrapodomorpha, Tetrapoda, Amniota, Mammalia, Theria, Eutheria, Boreoeutheria, Euarchontoglires, Primates, Haplorrhini, Simiiformes, Catarrhini, Hominoidea (apes), Hominidae (great apes), Homininae, Homo, Homo sapiens (Human)	Homo sapiens (Human)	9606	9606
P12269	IMDH2_CRIGR	cellular organisms, Eukaryota, Opisthokonta, Metazoa, Eumetazoa, Bilateria, Deuterostomia, Chordata, Craniata, Vertebrata, Gnathostomata (jawed vertebrates), Teleostomi, Euteleostomi, Sarcopterygii, Dipnotetrapodomorpha, Tetrapoda, Amniota, Mammalia, Theria, Eutheria, Boreoeutheria, Euarchontoglires, Glires (Rodents and rabbits), Rodentia, Myomorpha (mice and others), Muroidea, Cricetidae, Cricetinae (hamsters), Cricetulus, Cricetulus griseus (Chinese hamster) (Cricetulus barabensis griseus)	Cricetulus griseus (Chinese hamster) (Cricetulus barabensis griseus)	10029	10029
P50096	IMDH1_MOUSE	cellular organisms, Eukaryota, Opisthokonta, Metazoa, Eumetazoa, Bilateria, Deuterostomia, Chordata, Craniata, Vertebrata, Gnathostomata (jawed vertebrates), Teleostomi, Euteleostomi, Sarcopterygii, Dipnotetrapodomorpha, Tetrapoda, Amniota, Mammalia, Theria, Eutheria, Boreoeutheria, Euarchontoglires, Glires (Rodents and rabbits), Rodentia, Myomorpha (mice and others), Muroidea, Muridae, Murinae, Mus, Mus, Mus musculus (Mouse)	Mus musculus (Mouse)	10090	10090
P16250	HIS4_STRCO	cellular organisms, Bacteria, Terrabacteria group, Actinobacteria, Actinobacteria (high G+C Gram-positive bacteria), Streptomycetales, Streptomycetaceae, Streptomyces, Streptomyces albidoflavus group, Streptomyces coelicolor, Streptomyces coelicolor (strain ATCC BAA-471 / A3(2) / M145)	Streptomyces coelicolor (strain ATCC BAA-471 / A3(2) / M145)	100226	100226
P54322	PYRDB_LACLM	cellular organisms, Bacteria, Terrabacteria group, Firmicutes, Bacilli, Lactobacillales, Streptococcaceae, Lactococcus (lactic streptococci), Lactococcus lactis, Lactococcus lactis subsp. cremoris (Streptococcus cremoris), Lactococcus lactis subsp. cremoris (strain MG1363)	Lactococcus lactis subsp. cremoris (strain MG1363)	416870	416870
Q07152	IMDH_DROME	cellular organisms, Eukaryota, Opisthokonta, Metazoa, Eumetazoa, Bilateria, Protostomia, Ecdysozoa, Panarthropoda, Arthropoda, Mandibulata, Pancrustacea, Hexapoda, Insecta, Dicondylia, Pterygota (winged insects), Neoptera, Holometabola, Diptera, Brachycera, Muscomorpha, Eremoneura, Cyclorrhapha, Schizophora, Acalyptratae, Ephydroidea, Drosophilidae (pomace flies), Drosophilinae, Drosophilini, Drosophila (fruit flies), Sophophora, melanogaster group, melanogaster subgroup, Drosophila melanogaster (Fruit fly)	Drosophila melanogaster (Fruit fly)	7227	7227
Q8T6T2	IMDH_CRYPV	cellular organisms, Eukaryota, Sar, Alveolata, Apicomplexa, Conoidasida, Coccidia, Eucoccidiorida, Eimeriorina, Cryptosporidiidae, Cryptosporidium, Cryptosporidium parvum	Cryptosporidium parvum	5807	5807
Q9I4V0	NQRED_PSEAE	cellular organisms, Bacteria, Proteobacteria, Gammaproteobacteria, Pseudomonadales, Pseudomonadaceae, Pseudomonas, Pseudomonas aeruginosa group, Pseudomonas aeruginosa, Pseudomonas aeruginosa (strain ATCC 15692 / DSM 22644 / CIP 104116 / JCM 14847 / LMG 12228 / 1C / PRS 101 / PAO1)	Pseudomonas aeruginosa (strain ATCC 15692 / DSM 22644 / CIP 104116 / JCM 14847 / LMG 12228 / 1C / PRS 101 / PAO1)	208964	208964
Q3SWY3	IMDH2_BOVIN	cellular organisms, Eukaryota, Opisthokonta, Metazoa, Eumetazoa, Bilateria, Deuterostomia, Chordata, Craniata, Vertebrata, Gnathostomata (jawed vertebrates), Teleostomi, Euteleostomi, Sarcopterygii, Dipnotetrapodomorpha, Tetrapoda, Amniota, Mammalia, Theria, Eutheria, Boreoeutheria, Laurasiatheria, Artiodactyla, Ruminantia, Pecora, Bovidae, Bovinae, Bos (oxen, cattle), Bos taurus (Bovine)	Bos taurus (Bovine)	9913	9913
Q12658	IMDH_PNECA	cellular organisms, Eukaryota, Opisthokonta, Fungi, Dikarya, Ascomycota, Taphrinomycotina, Pneumocystidomycetes, Pneumocystidales, Pneumocystidaceae, Pneumocystis, Pneumocystis carinii	Pneumocystis carinii	4754	4754
P25996	PYRDB_BACSU	cellular organisms, Bacteria, Terrabacteria group, Firmicutes, Bacilli, Bacillales, Bacillaceae, Bacillus, Bacillus subtilis group, Bacillus subtilis, Bacillus subtilis subsp. subtilis, Bacillus subtilis (strain 168)	Bacillus subtilis (strain 168)	224308	224308
P61422	THIED_GEOSL	cellular organisms, Bacteria, Proteobacteria, delta/epsilon subdivisions, Deltaproteobacteria, Desulfuromonadales, Geobacteraceae, Geobacter, Geobacter sulfurreducens, Geobacter sulfurreducens (strain ATCC 51573 / DSM 12127 / PCA)	Geobacter sulfurreducens (strain ATCC 51573 / DSM 12127 / PCA)	243231	243231
Q4VRV8	IMDH_TOXGO	cellular organisms, Eukaryota, Sar, Alveolata, Apicomplexa, Conoidasida, Coccidia, Eucoccidiorida, Eimeriorina, Sarcocystidae, Toxoplasma, Toxoplasma gondii	Toxoplasma gondii	5811	5811
Q9HWH9	NMO_PSEAE	cellular organisms, Bacteria, Proteobacteria, Gammaproteobacteria, Pseudomonadales, Pseudomonadaceae, Pseudomonas, Pseudomonas aeruginosa group, Pseudomonas aeruginosa, Pseudomonas aeruginosa (strain ATCC 15692 / DSM 22644 / CIP 104116 / JCM 14847 / LMG 12228 / 1C / PRS 101 / PAO1)	Pseudomonas aeruginosa (strain ATCC 15692 / DSM 22644 / CIP 104116 / JCM 14847 / LMG 12228 / 1C / PRS 101 / PAO1)	208964	208964
P47996	IMDH1_ARATH	cellular organisms, Eukaryota, Viridiplantae, Streptophyta, Streptophytina, Embryophyta, Tracheophyta, Euphyllophyta, Spermatophyta, Magnoliopsida, Mesangiospermae, eudicotyledons, Gunneridae, Pentapetalae, rosids, malvids, Brassicales, Brassicaceae, Camelineae, Arabidopsis, Arabidopsis thaliana (Mouse-ear cress)	Arabidopsis thaliana (Mouse-ear cress)	3702	3702
Q84XA3	IMDH_VIGUN	cellular organisms, Eukaryota, Viridiplantae, Streptophyta, Streptophytina, Embryophyta, Tracheophyta, Euphyllophyta, Spermatophyta, Magnoliopsida, Mesangiospermae, eudicotyledons, Gunneridae, Pentapetalae, rosids, fabids, Fabales, Fabaceae, Papilionoideae, 50 kb inversion clade, NPAAA clade, indigoferoid/millettioid clade, Phaseoleae, Vigna, Vigna unguiculata (Cowpea)	Vigna unguiculata (Cowpea)	3917	3917
Q8H3I4	GLO4_ORYSJ	cellular organisms, Eukaryota, Viridiplantae, Streptophyta, Streptophytina, Embryophyta, Tracheophyta, Euphyllophyta, Spermatophyta, Magnoliopsida, Mesangiospermae, Liliopsida, Petrosaviidae, commelinids, Poales, Poaceae, BOP clade, Oryzoideae, Oryzeae, Oryzinae, Oryza, Oryza sativa (Rice), Oryza sativa subsp. japonica (Rice)	Oryza sativa subsp. japonica (Rice)	39947	39947
Q6GMG5	IMDH1_DANRE	cellular organisms, Eukaryota, Opisthokonta, Metazoa, Eumetazoa, Bilateria, Deuterostomia, Chordata, Craniata, Vertebrata, Gnathostomata (jawed vertebrates), Teleostomi, Euteleostomi, Actinopterygii, Actinopteri, Neopterygii, Teleostei, Osteoglossocephalai, Clupeocephala, Otomorpha, Ostariophysi, Otophysi, Cypriniphysae, Cypriniformes (carps and others), Cyprinoidei, Danionidae, Danioninae, Danio, Danio rerio (Zebrafish) (Brachydanio rerio)	Danio rerio (Zebrafish) (Brachydanio rerio)	7955	7955
Q9SA34	IMDH2_ARATH	cellular organisms, Eukaryota, Viridiplantae, Streptophyta, Streptophytina, Embryophyta, Tracheophyta, Euphyllophyta, Spermatophyta, Magnoliopsida, Mesangiospermae, eudicotyledons, Gunneridae, Pentapetalae, rosids, malvids, Brassicales, Brassicaceae, Camelineae, Arabidopsis, Arabidopsis thaliana (Mouse-ear cress)	Arabidopsis thaliana (Mouse-ear cress)	3702	3702
A0JNA3	IMDH1_BOVIN	cellular organisms, Eukaryota, Opisthokonta, Metazoa, Eumetazoa, Bilateria, Deuterostomia, Chordata, Craniata, Vertebrata, Gnathostomata (jawed vertebrates), Teleostomi, Euteleostomi, Sarcopterygii, Dipnotetrapodomorpha, Tetrapoda, Amniota, Mammalia, Theria, Eutheria, Boreoeutheria, Laurasiatheria, Artiodactyla, Ruminantia, Pecora, Bovidae, Bovinae, Bos (oxen, cattle), Bos taurus (Bovine)	Bos taurus (Bovine)	9913	9913
Q54QQ0	IMDH_DICDI	cellular organisms, Eukaryota, Amoebozoa, Evosea, Eumycetozoa, Dictyostelia (dictyostelid cellular slime molds), Dictyosteliales, Dictyosteliaceae, Dictyostelium, Dictyostelium discoideum (Slime mold)	Dictyostelium discoideum (Slime mold)	44689	44689
A4J560	PYRDB_DESRM	cellular organisms, Bacteria, Terrabacteria group, Firmicutes, Clostridia, Clostridiales, Peptococcaceae, Desulfotomaculum, Desulfotomaculum reducens, Desulfotomaculum reducens (strain MI-1)	Desulfotomaculum reducens (strain MI-1)	349161	349161
B0UXP9	IMDH2_DANRE	cellular organisms, Eukaryota, Opisthokonta, Metazoa, Eumetazoa, Bilateria, Deuterostomia, Chordata, Craniata, Vertebrata, Gnathostomata (jawed vertebrates), Teleostomi, Euteleostomi, Actinopterygii, Actinopteri, Neopterygii, Teleostei, Osteoglossocephalai, Clupeocephala, Otomorpha, Ostariophysi, Otophysi, Cypriniphysae, Cypriniformes (carps and others), Cyprinoidei, Danionidae, Danioninae, Danio, Danio rerio (Zebrafish) (Brachydanio rerio)	Danio rerio (Zebrafish) (Brachydanio rerio)	7955	7955
O58045	IMDH_PYRHO	cellular organisms, Archaea, Euryarchaeota, Thermococci, Thermococcales, Thermococcaceae, Pyrococcus, Pyrococcus horikoshii, Pyrococcus horikoshii (strain ATCC 700860 / DSM 12428 / JCM 9974 / NBRC 100139 / OT-3)	Pyrococcus horikoshii (strain ATCC 700860 / DSM 12428 / JCM 9974 / NBRC 100139 / OT-3)	70601	70601
Q01284	2NPD_NEUCR	cellular organisms, Eukaryota, Opisthokonta, Fungi, Dikarya, Ascomycota, saccharomyceta, Pezizomycotina, leotiomyceta, sordariomyceta, Sordariomycetes, Sordariomycetidae, Sordariales, Sordariaceae, Neurospora, Neurospora crassa, Neurospora crassa (strain ATCC 24698 / 74-OR23-1A / CBS 708.71 / DSM 1257 / FGSC 987)	Neurospora crassa (strain ATCC 24698 / 74-OR23-1A / CBS 708.71 / DSM 1257 / FGSC 987)	367110	367110
F6S675	IMDH1_XENTR	cellular organisms, Eukaryota, Opisthokonta, Metazoa, Eumetazoa, Bilateria, Deuterostomia, Chordata, Craniata, Vertebrata, Gnathostomata (jawed vertebrates), Teleostomi, Euteleostomi, Sarcopterygii, Dipnotetrapodomorpha, Tetrapoda, Amphibia, Batrachia, Anura, Pipoidea, Pipidae, Xenopodinae, Xenopus, Silurana, Xenopus tropicalis (Western clawed frog) (Silurana tropicalis)	Xenopus tropicalis (Western clawed frog) (Silurana tropicalis)	8364	8364
F7CYY5	IMDH2_XENTR	cellular organisms, Eukaryota, Opisthokonta, Metazoa, Eumetazoa, Bilateria, Deuterostomia, Chordata, Craniata, Vertebrata, Gnathostomata (jawed vertebrates), Teleostomi, Euteleostomi, Sarcopterygii, Dipnotetrapodomorpha, Tetrapoda, Amphibia, Batrachia, Anura, Pipoidea, Pipidae, Xenopodinae, Xenopus, Silurana, Xenopus tropicalis (Western clawed frog) (Silurana tropicalis)	Xenopus tropicalis (Western clawed frog) (Silurana tropicalis)	8364	8364
Q5RGV1	IMDH3_DANRE	cellular organisms, Eukaryota, Opisthokonta, Metazoa, Eumetazoa, Bilateria, Deuterostomia, Chordata, Craniata, Vertebrata, Gnathostomata (jawed vertebrates), Teleostomi, Euteleostomi, Actinopterygii, Actinopteri, Neopterygii, Teleostei, Osteoglossocephalai, Clupeocephala, Otomorpha, Ostariophysi, Otophysi, Cypriniphysae, Cypriniformes (carps and others), Cyprinoidei, Danionidae, Danioninae, Danio, Danio rerio (Zebrafish) (Brachydanio rerio)	Danio rerio (Zebrafish) (Brachydanio rerio)	7955	7955
Q9V0Y6	PYRDB_PYRAB	cellular organisms, Archaea, Euryarchaeota, Thermococci, Thermococcales, Thermococcaceae, Pyrococcus, Pyrococcus abyssi, Pyrococcus abyssi (strain GE5 / Orsay)	Pyrococcus abyssi (strain GE5 / Orsay)	272844	272844
Q74CB9	PYRDB_GEOSL	cellular organisms, Bacteria, Proteobacteria, delta/epsilon subdivisions, Deltaproteobacteria, Desulfuromonadales, Geobacteraceae, Geobacter, Geobacter sulfurreducens, Geobacter sulfurreducens (strain ATCC 51573 / DSM 12127 / PCA)	Geobacter sulfurreducens (strain ATCC 51573 / DSM 12127 / PCA)	243231	243231
Q8A9C3	PYRDB_BACTN	cellular organisms, Bacteria, FCB group, Bacteroidetes/Chlorobi group, Bacteroidetes, Bacteroidia, Bacteroidales, Bacteroidaceae, Bacteroides, Bacteroides thetaiotaomicron, Bacteroides thetaiotaomicron (strain ATCC 29148 / DSM 2079 / NCTC 10582 / E50 / VPI-5482)	Bacteroides thetaiotaomicron (strain ATCC 29148 / DSM 2079 / NCTC 10582 / E50 / VPI-5482)	226186	226186
Q8RG85	PYRDB_FUSNN	cellular organisms, Bacteria, Fusobacteria, Fusobacteriia, Fusobacteriales, Fusobacteriaceae, Fusobacterium, Fusobacterium nucleatum, Fusobacterium nucleatum subsp. nucleatum, Fusobacterium nucleatum subsp. nucleatum (strain ATCC 25586 / DSM 15643 / BCRC 10681 / CIP 101130 / JCM 8532 / KCTC 2640 / LMG 13131 / VPI 4355)	Fusobacterium nucleatum subsp. nucleatum (strain ATCC 25586 / DSM 15643 / BCRC 10681 / CIP 101130 / JCM 8532 / KCTC 2640 / LMG 13131 / VPI 4355)	190304	190304
A6L5H1	PYRDB_BACV8	cellular organisms, Bacteria, FCB group, Bacteroidetes/Chlorobi group, Bacteroidetes, Bacteroidia, Bacteroidales, Bacteroidales incertae sedis, Phocaeicola, Phocaeicola vulgatus (Bacteroides vulgatus), Bacteroides vulgatus (strain ATCC 8482 / DSM 1447 / JCM 5826 / NBRC 14291 / NCTC 11154)	Bacteroides vulgatus (strain ATCC 8482 / DSM 1447 / JCM 5826 / NBRC 14291 / NCTC 11154)	435590	435590
B5YJH1	PYRDB_THEYD	cellular organisms, Bacteria, Nitrospirae, Nitrospira, Nitrospirales, Nitrospiraceae, Thermodesulfovibrio, Thermodesulfovibrio yellowstonii, Thermodesulfovibrio yellowstonii (strain ATCC 51303 / DSM 11347 / YP87)	Thermodesulfovibrio yellowstonii (strain ATCC 51303 / DSM 11347 / YP87)	289376	289376
Q6A912	PYRDB_CUTAK	cellular organisms, Bacteria, Terrabacteria group, Actinobacteria, Actinobacteria (high G+C Gram-positive bacteria), Propionibacteriales, Propionibacteriaceae, Cutibacterium, Cutibacterium acnes (Propionibacterium acnes), Cutibacterium acnes (strain DSM 16379 / KPA171202) (Propionibacterium acnes)	Cutibacterium acnes (strain DSM 16379 / KPA171202) (Propionibacterium acnes)	267747	267747
A8FD19	PYRDB_BACP2	cellular organisms, Bacteria, Terrabacteria group, Firmicutes, Bacilli, Bacillales, Bacillaceae, Bacillus, Bacillus pumilus (Bacillus mesentericus), Bacillus pumilus (strain SAFR-032)	Bacillus pumilus (strain SAFR-032)	315750	315750
B5EFU4	PYRDB_GEOBB	cellular organisms, Bacteria, Proteobacteria, delta/epsilon subdivisions, Deltaproteobacteria, Desulfuromonadales, Geobacteraceae, Geobacter, Geobacter bemidjiensis, Geobacter bemidjiensis (strain Bem / ATCC BAA-1014 / DSM 16622)	Geobacter bemidjiensis (strain Bem / ATCC BAA-1014 / DSM 16622)	404380	404380
Q58070	PYRDB_METJA	cellular organisms, Archaea, Euryarchaeota, Methanomada group, Methanococci, Methanococcales, Methanocaldococcaceae, Methanocaldococcus, Methanocaldococcus jannaschii, Methanocaldococcus jannaschii (strain ATCC 43067 / DSM 2661 / JAL-1 / JCM 10045 / NBRC 100440) (Methanococcus jannaschii)	Methanocaldococcus jannaschii (strain ATCC 43067 / DSM 2661 / JAL-1 / JCM 10045 / NBRC 100440) (Methanococcus jannaschii)	243232	243232
C6BW12	PYRDB_DESAD	cellular organisms, Bacteria, Proteobacteria, delta/epsilon subdivisions, Deltaproteobacteria, Desulfovibrionales, Desulfovibrionaceae, Desulfovibrio, Desulfovibrio salexigens, Desulfovibrio salexigens (strain ATCC 14822 / DSM 2638 / NCIB 8403 / VKM B-1763)	Desulfovibrio salexigens (strain ATCC 14822 / DSM 2638 / NCIB 8403 / VKM B-1763)	526222	526222
Q8CWG1	PYRDB_OCEIH	cellular organisms, Bacteria, Terrabacteria group, Firmicutes, Bacilli, Bacillales, Bacillaceae, Oceanobacillus, Oceanobacillus iheyensis, Oceanobacillus iheyensis (strain DSM 14371 / CIP 107618 / JCM 11309 / KCTC 3954 / HTE831)	Oceanobacillus iheyensis (strain DSM 14371 / CIP 107618 / JCM 11309 / KCTC 3954 / HTE831)	221109	221109
B9M211	PYRDB_GEODF	cellular organisms, Bacteria, Proteobacteria, delta/epsilon subdivisions, Deltaproteobacteria, Desulfuromonadales, Geobacteraceae, Geobacter, Geobacter daltonii, Geobacter daltonii (strain DSM 22248 / JCM 15807 / FRC-32)	Geobacter daltonii (strain DSM 22248 / JCM 15807 / FRC-32)	316067	316067
Q979G6	PYRDB_THEVO	cellular organisms, Archaea, Euryarchaeota, Diaforarchaea group, Thermoplasmata, Thermoplasmatales, Thermoplasmataceae, Thermoplasma, Thermoplasma volcanium, Thermoplasma volcanium (strain ATCC 51530 / DSM 4299 / JCM 9571 / NBRC 15438 / GSS1)	Thermoplasma volcanium (strain ATCC 51530 / DSM 4299 / JCM 9571 / NBRC 15438 / GSS1)	273116	273116
B3E4T4	PYRDB_GEOLS	cellular organisms, Bacteria, Proteobacteria, delta/epsilon subdivisions, Deltaproteobacteria, Desulfuromonadales, Geobacteraceae, Geobacter, Geobacter lovleyi, Geobacter lovleyi (strain ATCC BAA-1151 / DSM 17278 / SZ)	Geobacter lovleyi (strain ATCC BAA-1151 / DSM 17278 / SZ)	398767	398767
A9BJH4	PYRDB_PETMO	cellular organisms, Bacteria, Thermotogae, Thermotogae, Petrotogales, Petrotogaceae, Petrotoga, Petrotoga mobilis, Petrotoga mobilis (strain DSM 10674 / SJ95)	Petrotoga mobilis (strain DSM 10674 / SJ95)	403833	403833
Q8EUY2	PYRDB_MYCPE	cellular organisms, Bacteria, Terrabacteria group, Tenericutes, Mollicutes, Mycoplasmatales, Mycoplasmataceae, Mycoplasma, Mycoplasma penetrans, Mycoplasma penetrans (strain HF-2)	Mycoplasma penetrans (strain HF-2)	272633	272633
A8MIU4	PYRDB_ALKOO	cellular organisms, Bacteria, Terrabacteria group, Firmicutes, Clostridia, Clostridiales, Clostridiaceae, Alkaliphilus, Alkaliphilus oremlandii, Alkaliphilus oremlandii (strain OhILAs) (Clostridium oremlandii (strain OhILAs))	Alkaliphilus oremlandii (strain OhILAs) (Clostridium oremlandii (strain OhILAs))	350688	350688
A1ASB3	PYRDB_PELPD	cellular organisms, Bacteria, Proteobacteria, delta/epsilon subdivisions, Deltaproteobacteria, Desulfuromonadales, Desulfuromonadaceae, Pelobacter, Pelobacter propionicus, Pelobacter propionicus (strain DSM 2379 / NBRC 103807 / OttBd1)	Pelobacter propionicus (strain DSM 2379 / NBRC 103807 / OttBd1)	338966	338966
Q5LCI2	PYRDB_BACFN	cellular organisms, Bacteria, FCB group, Bacteroidetes/Chlorobi group, Bacteroidetes, Bacteroidia, Bacteroidales, Bacteroidaceae, Bacteroides, Bacteroides fragilis, Bacteroides fragilis (strain ATCC 25285 / DSM 2151 / JCM 11019 / NCTC 9343)	Bacteroides fragilis (strain ATCC 25285 / DSM 2151 / JCM 11019 / NCTC 9343)	272559	272559
B9DPN4	PYRDB_STACT	cellular organisms, Bacteria, Terrabacteria group, Firmicutes, Bacilli, Bacillales, Staphylococcaceae, Staphylococcus, Staphylococcus carnosus, Staphylococcus carnosus subsp. carnosus, Staphylococcus carnosus (strain TM300)	Staphylococcus carnosus (strain TM300)	396513	396513
Q5JHR7	PYRDB_THEKO	cellular organisms, Archaea, Euryarchaeota, Thermococci, Thermococcales, Thermococcaceae, Thermococcus, Thermococcus kodakarensis, Thermococcus kodakarensis (strain ATCC BAA-918 / JCM 12380 / KOD1) (Pyrococcus kodakaraensis (strain KOD1))	Thermococcus kodakarensis (strain ATCC BAA-918 / JCM 12380 / KOD1) (Pyrococcus kodakaraensis (strain KOD1))	69014	69014
C4XPD6	PYRDB_DESMR	cellular organisms, Bacteria, Proteobacteria, delta/epsilon subdivisions, Deltaproteobacteria, Desulfovibrionales, Desulfovibrionaceae, Desulfovibrio, Desulfovibrio magneticus, Desulfovibrio magneticus (strain ATCC 700980 / DSM 13731 / RS-1)	Desulfovibrio magneticus (strain ATCC 700980 / DSM 13731 / RS-1)	573370	573370
A5G3H0	PYRDB_GEOUR	cellular organisms, Bacteria, Proteobacteria, delta/epsilon subdivisions, Deltaproteobacteria, Desulfuromonadales, Geobacteraceae, Geobacter, Geobacter uraniireducens, Geobacter uraniireducens (strain Rf4) (Geobacter uraniumreducens)	Geobacter uraniireducens (strain Rf4) (Geobacter uraniumreducens)	351605	351605
A6TVS0	PYRDB_ALKMQ	cellular organisms, Bacteria, Terrabacteria group, Firmicutes, Clostridia, Clostridiales, Clostridiaceae, Alkaliphilus, Alkaliphilus metalliredigens, Alkaliphilus metalliredigens (strain QYMF)	Alkaliphilus metalliredigens (strain QYMF)	293826	293826
O59185	PYRDB_PYRHO	cellular organisms, Archaea, Euryarchaeota, Thermococci, Thermococcales, Thermococcaceae, Pyrococcus, Pyrococcus horikoshii, Pyrococcus horikoshii (strain ATCC 700860 / DSM 12428 / JCM 9974 / NBRC 100139 / OT-3)	Pyrococcus horikoshii (strain ATCC 700860 / DSM 12428 / JCM 9974 / NBRC 100139 / OT-3)	70601	70601
Q5KP44	IMDH_CRYNJ	cellular organisms, Eukaryota, Opisthokonta, Fungi, Dikarya, Basidiomycota, Agaricomycotina, Tremellomycetes, Tremellales (jelly fungi), Cryptococcaceae, Cryptococcus, Cryptococcus neoformans species complex, Cryptococcus neoformans (Filobasidiella neoformans), Cryptococcus neoformans var. neoformans, Cryptococcus neoformans var. neoformans serotype D (strain JEC21 / ATCC MYA-565) (Filobasidiella neoformans)	Cryptococcus neoformans var. neoformans serotype D (strain JEC21 / ATCC MYA-565) (Filobasidiella neoformans)	214684	214684
A5FJK8	GGGPS_FLAJ1	cellular organisms, Bacteria, FCB group, Bacteroidetes/Chlorobi group, Bacteroidetes, Flavobacteriia, Flavobacteriales, Flavobacteriaceae, Flavobacterium, Flavobacterium johnsoniae (Cytophaga johnsonae), Flavobacterium johnsoniae (strain ATCC 17061 / DSM 2064 / JCM 8514 / NBRC 14942 / NCIMB 11054 / UW101) (Cytophaga johnsonae)	Flavobacterium johnsoniae (strain ATCC 17061 / DSM 2064 / JCM 8514 / NBRC 14942 / NCIMB 11054 / UW101) (Cytophaga johnsonae)	376686	376686
Q8YBP2	NANEK_BRUME	cellular organisms, Bacteria, Proteobacteria, Alphaproteobacteria, Rhizobiales, Brucellaceae, Brucella, Brucella melitensis, Brucella melitensis bv. 1, Brucella melitensis biotype 1 (strain 16M / ATCC 23456 / NCTC 10094)	Brucella melitensis biotype 1 (strain 16M / ATCC 23456 / NCTC 10094)	224914	224914
O50316	IMDH_CHLP8	cellular organisms, Bacteria, FCB group, Bacteroidetes/Chlorobi group, Chlorobi, Chlorobia, Chlorobiales, Chlorobiaceae, Chlorobaculum, Chlorobaculum parvum, Chlorobaculum parvum (strain NCIB 8327) (Chlorobium vibrioforme subsp. thiosulfatophilum (strain DSM 263 / NCIB 8327))	Chlorobaculum parvum (strain NCIB 8327) (Chlorobium vibrioforme subsp. thiosulfatophilum (strain DSM 263 / NCIB 8327))	517417	517417
O26154	IDI2_METTH	cellular organisms, Archaea, Euryarchaeota, Methanomada group, Methanobacteria, Methanobacteriales, Methanobacteriaceae, Methanothermobacter, Methanothermobacter thermautotrophicus (Methanobacterium thermoformicicum), Methanothermobacter thermautotrophicus (strain ATCC 29096 / DSM 1053 / JCM 10044 / NBRC 100330 / Delta H) (Methanobacterium thermoautotrophicum)	Methanothermobacter thermautotrophicus (strain ATCC 29096 / DSM 1053 / JCM 10044 / NBRC 100330 / Delta H) (Methanobacterium thermoautotrophicum)	187420	187420
A7MPA0	IDI2_CROS8	cellular organisms, Bacteria, Proteobacteria, Gammaproteobacteria, Enterobacterales, Enterobacteriaceae, Cronobacter, Cronobacter sakazakii (Enterobacter sakazakii), Cronobacter sakazakii (strain ATCC BAA-894) (Enterobacter sakazakii)	Cronobacter sakazakii (strain ATCC BAA-894) (Enterobacter sakazakii)	290339	290339
O67820	IMDH_AQUAE	cellular organisms, Bacteria, Aquificae, Aquificae, Aquificales, Aquificaceae, Aquifex, Aquifex aeolicus, Aquifex aeolicus (strain VF5)	Aquifex aeolicus (strain VF5)	224324	224324
P56088	IMDH_HELPY	cellular organisms, Bacteria, Proteobacteria, delta/epsilon subdivisions, Epsilonproteobacteria, Campylobacterales, Helicobacteraceae, Helicobacter, Helicobacter pylori (Campylobacter pylori), Helicobacter pylori (strain ATCC 700392 / 26695) (Campylobacter pylori)	Helicobacter pylori (strain ATCC 700392 / 26695) (Campylobacter pylori)	85962	85962
Q7UJL3	IMDH_RHOBA	cellular organisms, Bacteria, PVC group, Planctomycetes, Planctomycetia, Pirellulales, Pirellulaceae, Rhodopirellula, Rhodopirellula baltica, Rhodopirellula baltica (strain DSM 10527 / NCIMB 13988 / SH1)	Rhodopirellula baltica (strain DSM 10527 / NCIMB 13988 / SH1)	243090	243090
Q8F4Q4	IMDH_LEPIN	cellular organisms, Bacteria, Spirochaetes, Spirochaetia, Leptospirales, Leptospiraceae, Leptospira, Leptospira interrogans, Leptospira interrogans serovar Lai, Leptospira interrogans serogroup Icterohaemorrhagiae serovar Lai (strain 56601)	Leptospira interrogans serogroup Icterohaemorrhagiae serovar Lai (strain 56601)	189518	189518
Q48JY0	PYRD_PSE14	cellular organisms, Bacteria, Proteobacteria, Gammaproteobacteria, Pseudomonadales, Pseudomonadaceae, Pseudomonas, Pseudomonas syringae group, Pseudomonas syringae group genomosp. 2, Pseudomonas savastanoi (Pseudomonas syringae pv. savastanoi), Pseudomonas savastanoi pv. phaseolicola (Pseudomonas syringae pv. phaseolicola), Pseudomonas savastanoi pv. phaseolicola (strain 1448A / Race 6) (Pseudomonas syringae pv. phaseolicola (strain 1448A / Race 6))	Pseudomonas savastanoi pv. phaseolicola (strain 1448A / Race 6) (Pseudomonas syringae pv. phaseolicola (strain 1448A / Race 6))	264730	264730
Q0BFR0	PYRD_BURCM	cellular organisms, Bacteria, Proteobacteria, Betaproteobacteria, Burkholderiales, Burkholderiaceae, Burkholderia, Burkholderia cepacia complex, Burkholderia ambifaria, Burkholderia ambifaria (strain ATCC BAA-244 / AMMD) (Burkholderia cepacia (strain AMMD))	Burkholderia ambifaria (strain ATCC BAA-244 / AMMD) (Burkholderia cepacia (strain AMMD))	339670	339670
Q13ZM3	PYRD_PARXL	cellular organisms, Bacteria, Proteobacteria, Betaproteobacteria, Burkholderiales, Burkholderiaceae, Paraburkholderia, Paraburkholderia xenovorans, Paraburkholderia xenovorans (strain LB400)	Paraburkholderia xenovorans (strain LB400)	266265	266265
Q9HLK8	IMDH_THEAC	cellular organisms, Archaea, Euryarchaeota, Diaforarchaea group, Thermoplasmata, Thermoplasmatales, Thermoplasmataceae, Thermoplasma, Thermoplasma acidophilum, Thermoplasma acidophilum (strain ATCC 25905 / DSM 1728 / JCM 9062 / NBRC 15155 / AMRC-C165)	Thermoplasma acidophilum (strain ATCC 25905 / DSM 1728 / JCM 9062 / NBRC 15155 / AMRC-C165)	273075	273075
Q9K1D7	PYRD_NEIMB	cellular organisms, Bacteria, Proteobacteria, Betaproteobacteria, Neisseriales, Neisseriaceae, Neisseria, Neisseria meningitidis, Neisseria meningitidis serogroup B, Neisseria meningitidis serogroup B (strain MC58)	Neisseria meningitidis serogroup B (strain MC58)	122586	122586
B1W0M4	HIS4_STRGG	cellular organisms, Bacteria, Terrabacteria group, Actinobacteria, Actinobacteria (high G+C Gram-positive bacteria), Streptomycetales, Streptomycetaceae, Streptomyces, Streptomyces griseus group, Streptomyces griseus subgroup, Streptomyces griseus, Streptomyces griseus subsp. griseus, Streptomyces griseus subsp. griseus (strain JCM 4626 / NBRC 13350)	Streptomyces griseus subsp. griseus (strain JCM 4626 / NBRC 13350)	455632	455632
Q883P1	PYRD_PSESM	cellular organisms, Bacteria, Proteobacteria, Gammaproteobacteria, Pseudomonadales, Pseudomonadaceae, Pseudomonas, Pseudomonas syringae group, Pseudomonas syringae group genomosp. 3, Pseudomonas syringae pv. tomato, Pseudomonas syringae pv. tomato (strain ATCC BAA-871 / DC3000)	Pseudomonas syringae pv. tomato (strain ATCC BAA-871 / DC3000)	223283	223283
A8LY18	PYRD_SALAI	cellular organisms, Bacteria, Terrabacteria group, Actinobacteria, Actinobacteria (high G+C Gram-positive bacteria), Micromonosporales, Micromonosporaceae, Salinispora, Salinispora arenicola, Salinispora arenicola (strain CNS-205)	Salinispora arenicola (strain CNS-205)	391037	391037
C3K017	PYRD_PSEFS	cellular organisms, Bacteria, Proteobacteria, Gammaproteobacteria, Pseudomonadales, Pseudomonadaceae, Pseudomonas, Pseudomonas fluorescens group (fluorescent pseudomonads), Pseudomonas fluorescens, Pseudomonas fluorescens (strain SBW25)	Pseudomonas fluorescens (strain SBW25)	216595	216595
Q4KFI7	PYRD_PSEF5	cellular organisms, Bacteria, Proteobacteria, Gammaproteobacteria, Pseudomonadales, Pseudomonadaceae, Pseudomonas, Pseudomonas fluorescens group (fluorescent pseudomonads), Pseudomonas protegens, Pseudomonas fluorescens (strain ATCC BAA-477 / NRRL B-23932 / Pf-5)	Pseudomonas fluorescens (strain ATCC BAA-477 / NRRL B-23932 / Pf-5)	220664	220664
B1MBX5	HIS4_MYCA9	cellular organisms, Bacteria, Terrabacteria group, Actinobacteria, Actinobacteria (high G+C Gram-positive bacteria), Corynebacteriales, Mycobacteriaceae, Mycobacteroides, Mycobacteroides abscessus, Mycobacteroides abscessus (strain ATCC 19977 / DSM 44196 / CIP 104536 / JCM 13569 / NCTC 13031 / TMC 1543) (Mycobacterium abscessus)	Mycobacteroides abscessus (strain ATCC 19977 / DSM 44196 / CIP 104536 / JCM 13569 / NCTC 13031 / TMC 1543) (Mycobacterium abscessus)	561007	561007
B3PIL8	PYRD_CELJU	cellular organisms, Bacteria, Proteobacteria, Gammaproteobacteria, Cellvibrionales, Cellvibrionaceae, Cellvibrio, Cellvibrio japonicus (Pseudomonas fluorescens subsp. cellulosa), Cellvibrio japonicus (strain Ueda107) (Pseudomonas fluorescens subsp. cellulosa)	Cellvibrio japonicus (strain Ueda107) (Pseudomonas fluorescens subsp. cellulosa)	498211	498211
A5VHS3	PYRDA_LACRD	cellular organisms, Bacteria, Terrabacteria group, Firmicutes, Bacilli, Lactobacillales, Lactobacillaceae, Limosilactobacillus, Lactobacillus reuteri, Lactobacillus reuteri (strain DSM 20016)	Lactobacillus reuteri (strain DSM 20016)	557436	557436
C1DDY1	PYRD_AZOVD	cellular organisms, Bacteria, Proteobacteria, Gammaproteobacteria, Pseudomonadales, Pseudomonadaceae, Azotobacter group, Azotobacter, Azotobacter vinelandii, Azotobacter vinelandii (strain DJ / ATCC BAA-1303)	Azotobacter vinelandii (strain DJ / ATCC BAA-1303)	322710	322710
Q88L40	PYRD_PSEPK	cellular organisms, Bacteria, Proteobacteria, Gammaproteobacteria, Pseudomonadales, Pseudomonadaceae, Pseudomonas, Pseudomonas putida group, Pseudomonas putida (Arthrobacter siderocapsulatus), Pseudomonas putida (strain ATCC 47054 / DSM 6125 / NCIMB 11950 / KT2440)	Pseudomonas putida (strain ATCC 47054 / DSM 6125 / NCIMB 11950 / KT2440)	160488	160488
Q5FJB5	PYRDA_LACAC	cellular organisms, Bacteria, Terrabacteria group, Firmicutes, Bacilli, Lactobacillales, Lactobacillaceae, Lactobacillus, Lactobacillus acidophilus, Lactobacillus acidophilus (strain ATCC 700396 / NCK56 / N2 / NCFM)	Lactobacillus acidophilus (strain ATCC 700396 / NCK56 / N2 / NCFM)	272621	272621
A4XWQ0	PYRD_PSEMY	cellular organisms, Bacteria, Proteobacteria, Gammaproteobacteria, Pseudomonadales, Pseudomonadaceae, Pseudomonas, Pseudomonas aeruginosa group, Pseudomonas mendocina, Pseudomonas mendocina (strain ymp)	Pseudomonas mendocina (strain ymp)	399739	399739
B1J5B5	PYRD_PSEPW	cellular organisms, Bacteria, Proteobacteria, Gammaproteobacteria, Pseudomonadales, Pseudomonadaceae, Pseudomonas, Pseudomonas putida group, Pseudomonas putida (Arthrobacter siderocapsulatus), Pseudomonas putida (strain W619)	Pseudomonas putida (strain W619)	390235	390235
Q74J29	PYRDA_LACJO	cellular organisms, Bacteria, Terrabacteria group, Firmicutes, Bacilli, Lactobacillales, Lactobacillaceae, Lactobacillus, Lactobacillus johnsonii, Lactobacillus johnsonii (strain CNCM I-12250 / La1 / NCC 533)	Lactobacillus johnsonii (strain CNCM I-12250 / La1 / NCC 533)	257314	257314
Q82ST3	PYRD_NITEU	cellular organisms, Bacteria, Proteobacteria, Betaproteobacteria, Nitrosomonadales, Nitrosomonadaceae, Nitrosomonas, Nitrosomonas europaea, Nitrosomonas europaea (strain ATCC 19718 / CIP 103999 / KCTC 2705 / NBRC 14298)	Nitrosomonas europaea (strain ATCC 19718 / CIP 103999 / KCTC 2705 / NBRC 14298)	228410	228410
Q3KFC7	PYRD_PSEPF	cellular organisms, Bacteria, Proteobacteria, Gammaproteobacteria, Pseudomonadales, Pseudomonadaceae, Pseudomonas, Pseudomonas fluorescens group (fluorescent pseudomonads), Pseudomonas fluorescens, Pseudomonas fluorescens (strain Pf0-1)	Pseudomonas fluorescens (strain Pf0-1)	205922	205922
B1XV77	PYRD_POLNS	cellular organisms, Bacteria, Proteobacteria, Betaproteobacteria, Burkholderiales, Burkholderiaceae, Polynucleobacter, Polynucleobacter necessarius, Polynucleobacter necessarius subsp. necessarius (strain STIR1)	Polynucleobacter necessarius subsp. necessarius (strain STIR1)	452638	452638
B2UNA2	PYRD_AKKM8	cellular organisms, Bacteria, PVC group, Verrucomicrobia, Verrucomicrobiae, Verrucomicrobiales, Akkermansiaceae, Akkermansia, Akkermansia muciniphila, Akkermansia muciniphila (strain ATCC BAA-835 / Muc)	Akkermansia muciniphila (strain ATCC BAA-835 / Muc)	349741	349741
A5EV79	PYRD_DICNV	cellular organisms, Bacteria, Proteobacteria, Gammaproteobacteria, Cardiobacteriales, Cardiobacteriaceae, Dichelobacter, Dichelobacter nodosus (Bacteroides nodosus), Dichelobacter nodosus (strain VCS1703A)	Dichelobacter nodosus (strain VCS1703A)	246195	246195
A6VW35	PYRD_MARMS	cellular organisms, Bacteria, Proteobacteria, Gammaproteobacteria, Oceanospirillales, Oceanospirillaceae, Marinomonas, unclassified Marinomonas, Marinomonas sp. (strain MWYL1)	Marinomonas sp. (strain MWYL1)	400668	400668
Q3IU78	PYRD_NATPD	cellular organisms, Archaea, Euryarchaeota, Stenosarchaea group, Halobacteria, Halobacteriales, Haloarculaceae, Natronomonas, Natronomonas pharaonis (Natronobacterium pharaonis), Natronomonas pharaonis (strain ATCC 35678 / DSM 2160 / CIP 103997 / NBRC 14720 / NCIMB 2260 / Gabara) (Halobacterium pharaonis)	Natronomonas pharaonis (strain ATCC 35678 / DSM 2160 / CIP 103997 / NBRC 14720 / NCIMB 2260 / Gabara) (Halobacterium pharaonis)	348780	348780
Q480K7	PYRD_COLP3	cellular organisms, Bacteria, Proteobacteria, Gammaproteobacteria, Alteromonadales, Colwelliaceae, Colwellia, Colwellia psychrerythraea (Vibrio psychroerythus), Colwellia psychrerythraea (strain 34H / ATCC BAA-681) (Vibrio psychroerythus)	Colwellia psychrerythraea (strain 34H / ATCC BAA-681) (Vibrio psychroerythus)	167879	167879
Q21JW9	PYRD_SACD2	cellular organisms, Bacteria, Proteobacteria, Gammaproteobacteria, Cellvibrionales, Cellvibrionaceae, Saccharophagus, Saccharophagus degradans, Saccharophagus degradans (strain 2-40 / ATCC 43961 / DSM 17024)	Saccharophagus degradans (strain 2-40 / ATCC 43961 / DSM 17024)	203122	203122
Q4ZUM3	PYRD_PSEU2	cellular organisms, Bacteria, Proteobacteria, Gammaproteobacteria, Pseudomonadales, Pseudomonadaceae, Pseudomonas, Pseudomonas syringae group, Pseudomonas syringae group genomosp. 1, Pseudomonas syringae, Pseudomonas syringae pv. syringae, Pseudomonas syringae pv. syringae (strain B728a)	Pseudomonas syringae pv. syringae (strain B728a)	205918	205918
Q5QX65	PYRD_IDILO	cellular organisms, Bacteria, Proteobacteria, Gammaproteobacteria, Alteromonadales, Idiomarinaceae, Idiomarina, Idiomarina loihiensis, Idiomarina loihiensis (strain ATCC BAA-735 / DSM 15497 / L2-TR)	Idiomarina loihiensis (strain ATCC BAA-735 / DSM 15497 / L2-TR)	283942	283942
Q5P1A9	PYRD_AROAE	cellular organisms, Bacteria, Proteobacteria, Betaproteobacteria, Rhodocyclales, Rhodocyclaceae, Aromatoleum, Aromatoleum aromaticum, Aromatoleum aromaticum (strain EbN1) (Azoarcus sp. (strain EbN1))	Aromatoleum aromaticum (strain EbN1) (Azoarcus sp. (strain EbN1))	76114	76114
Q01YA2	PYRDA_SOLUE	cellular organisms, Bacteria, Acidobacteria, Acidobacteriia, Bryobacterales, Solibacteraceae, Candidatus Solibacter, Solibacter usitatus, Solibacter usitatus (strain Ellin6076)	Solibacter usitatus (strain Ellin6076)	234267	234267
A1WTJ3	PYRD_HALHL	cellular organisms, Bacteria, Proteobacteria, Gammaproteobacteria, Chromatiales, Ectothiorhodospiraceae (purple sulfur bacteria), Halorhodospira, Halorhodospira halophila (Ectothiorhodospira halophila), Halorhodospira halophila (strain DSM 244 / SL1) (Ectothiorhodospira halophila (strain DSM 244 / SL1))	Halorhodospira halophila (strain DSM 244 / SL1) (Ectothiorhodospira halophila (strain DSM 244 / SL1))	349124	349124
A1TZG0	PYRD_MARHV	cellular organisms, Bacteria, Proteobacteria, Gammaproteobacteria, Alteromonadales, Alteromonadaceae, Marinobacter, Marinobacter hydrocarbonoclasticus (Pseudomonas nautica), Marinobacter hydrocarbonoclasticus (strain ATCC 700491 / DSM 11845 / VT8)	Marinobacter hydrocarbonoclasticus (strain ATCC 700491 / DSM 11845 / VT8)	351348	351348
Q2SVL9	PYRD_BURTA	cellular organisms, Bacteria, Proteobacteria, Betaproteobacteria, Burkholderiales, Burkholderiaceae, Burkholderia, pseudomallei group, Burkholderia thailandensis, Burkholderia thailandensis (strain ATCC 700388 / DSM 13276 / CIP 106301 / E264)	Burkholderia thailandensis (strain ATCC 700388 / DSM 13276 / CIP 106301 / E264)	271848	271848
A1K7M2	PYRD_AZOSB	cellular organisms, Bacteria, Proteobacteria, Betaproteobacteria, Rhodocyclales, Zoogloeaceae, Azoarcus, Azoarcus sp. (strain BH72)	Azoarcus sp. (strain BH72)	418699	418699
A6V325	PYRD_PSEA7	cellular organisms, Bacteria, Proteobacteria, Gammaproteobacteria, Pseudomonadales, Pseudomonadaceae, Pseudomonas, Pseudomonas aeruginosa group, Pseudomonas aeruginosa, Pseudomonas aeruginosa (strain PA7)	Pseudomonas aeruginosa (strain PA7)	381754	381754
A4VM41	PYRD_PSEU5	cellular organisms, Bacteria, Proteobacteria, Gammaproteobacteria, Pseudomonadales, Pseudomonadaceae, Pseudomonas, Pseudomonas stutzeri group, Pseudomonas stutzeri subgroup, Pseudomonas stutzeri (Pseudomonas perfectomarina), Pseudomonas stutzeri (strain A1501)	Pseudomonas stutzeri (strain A1501)	379731	379731
B7UWL8	PYRD_PSEA8	cellular organisms, Bacteria, Proteobacteria, Gammaproteobacteria, Pseudomonadales, Pseudomonadaceae, Pseudomonas, Pseudomonas aeruginosa group, Pseudomonas aeruginosa, Pseudomonas aeruginosa (strain LESB58)	Pseudomonas aeruginosa (strain LESB58)	557722	557722
D0V3Y4	NMO_PSESP	cellular organisms, Bacteria, Proteobacteria, Gammaproteobacteria, Pseudomonadales, Pseudomonadaceae, Pseudomonas, unclassified Pseudomonas, Pseudomonas sp.	Pseudomonas sp.	306	306
P21795	LA2M_MYCSM	cellular organisms, Bacteria, Terrabacteria group, Actinobacteria, Actinobacteria (high G+C Gram-positive bacteria), Corynebacteriales, Mycobacteriaceae, Mycolicibacterium, Mycolicibacterium smegmatis (Mycobacterium smegmatis)	Mycolicibacterium smegmatis (Mycobacterium smegmatis)	1772	1772
Q4ZY06	LLDD_PSEU2	cellular organisms, Bacteria, Proteobacteria, Gammaproteobacteria, Pseudomonadales, Pseudomonadaceae, Pseudomonas, Pseudomonas syringae group, Pseudomonas syringae group genomosp. 1, Pseudomonas syringae, Pseudomonas syringae pv. syringae, Pseudomonas syringae pv. syringae (strain B728a)	Pseudomonas syringae pv. syringae (strain B728a)	205918	205918
A6VCM8	LLDD_PSEA7	cellular organisms, Bacteria, Proteobacteria, Gammaproteobacteria, Pseudomonadales, Pseudomonadaceae, Pseudomonas, Pseudomonas aeruginosa group, Pseudomonas aeruginosa, Pseudomonas aeruginosa (strain PA7)	Pseudomonas aeruginosa (strain PA7)	381754	381754
Q30NR6	HIS6_SULDN	cellular organisms, Bacteria, Proteobacteria, delta/epsilon subdivisions, Epsilonproteobacteria, Campylobacterales, Thiovulaceae, Sulfurimonas, Sulfurimonas denitrificans, Sulfurimonas denitrificans (strain ATCC 33889 / DSM 1251) (Thiomicrospira denitrificans (strain ATCC 33889 / DSM 1251))	Sulfurimonas denitrificans (strain ATCC 33889 / DSM 1251) (Thiomicrospira denitrificans (strain ATCC 33889 / DSM 1251))	326298	326298
A6VTA6	HIS6_MARMS	cellular organisms, Bacteria, Proteobacteria, Gammaproteobacteria, Oceanospirillales, Oceanospirillaceae, Marinomonas, unclassified Marinomonas, Marinomonas sp. (strain MWYL1)	Marinomonas sp. (strain MWYL1)	400668	400668
A3DD04	THIG_HUNT2	cellular organisms, Bacteria, Terrabacteria group, Firmicutes, Clostridia, Clostridiales, Hungateiclostridiaceae, Hungateiclostridium, Hungateiclostridium thermocellum (Clostridium thermocellum), Hungateiclostridium thermocellum (strain ATCC 27405 / DSM 1237 / JCM 9322 / NBRC 103400 / NCIMB 10682 / NRRL B-4536 / VPI 7372) (Clostridium thermocellum)	Hungateiclostridium thermocellum (strain ATCC 27405 / DSM 1237 / JCM 9322 / NBRC 103400 / NCIMB 10682 / NRRL B-4536 / VPI 7372) (Clostridium thermocellum)	203119	203119
Q2RHX4	THIG_MOOTA	cellular organisms, Bacteria, Terrabacteria group, Firmicutes, Clostridia, Thermoanaerobacterales, Thermoanaerobacteraceae, Moorella group, Moorella, Moorella thermoacetica (Clostridium thermoaceticum), Moorella thermoacetica (strain ATCC 39073 / JCM 9320)	Moorella thermoacetica (strain ATCC 39073 / JCM 9320)	264732	264732
Q0TQ02	THIG_CLOP1	cellular organisms, Bacteria, Terrabacteria group, Firmicutes, Clostridia, Clostridiales, Clostridiaceae, Clostridium, Clostridium perfringens, Clostridium perfringens (strain ATCC 13124 / DSM 756 / JCM 1290 / NCIMB 6125 / NCTC 8237 / Type A)	Clostridium perfringens (strain ATCC 13124 / DSM 756 / JCM 1290 / NCIMB 6125 / NCTC 8237 / Type A)	195103	195103
Q8RBJ3	PDXS_CALS4	cellular organisms, Bacteria, Terrabacteria group, Firmicutes, Clostridia, Thermoanaerobacterales, Thermoanaerobacteraceae, Caldanaerobacter, Caldanaerobacter subterraneus, Caldanaerobacter subterraneus subsp. tengcongensis, Caldanaerobacter subterraneus subsp. tengcongensis (strain DSM 15242 / JCM 11007 / NBRC 100824 / MB4) (Thermoanaerobacter tengcongensis)	Caldanaerobacter subterraneus subsp. tengcongensis (strain DSM 15242 / JCM 11007 / NBRC 100824 / MB4) (Thermoanaerobacter tengcongensis)	273068	273068
P46454	LLDD_HAEIN	cellular organisms, Bacteria, Proteobacteria, Gammaproteobacteria, Pasteurellales, Pasteurellaceae, Haemophilus, Haemophilus influenzae, Haemophilus influenzae (strain ATCC 51907 / DSM 11121 / KW20 / Rd)	Haemophilus influenzae (strain ATCC 51907 / DSM 11121 / KW20 / Rd)	71421	71421
Q6DAY3	LLDD_PECAS	cellular organisms, Bacteria, Proteobacteria, Gammaproteobacteria, Enterobacterales, Pectobacteriaceae, Pectobacterium, Pectobacterium atrosepticum (Erwinia carotovora subsp. atroseptica), Pectobacterium atrosepticum (strain SCRI 1043 / ATCC BAA-672) (Erwinia carotovora subsp. atroseptica)	Pectobacterium atrosepticum (strain SCRI 1043 / ATCC BAA-672) (Erwinia carotovora subsp. atroseptica)	218491	218491
Q6G0J2	LLDD_BARQU	cellular organisms, Bacteria, Proteobacteria, Alphaproteobacteria, Rhizobiales, Bartonellaceae, Bartonella, Bartonella quintana (Rochalimaea quintana), Bartonella quintana (strain Toulouse) (Rochalimaea quintana)	Bartonella quintana (strain Toulouse) (Rochalimaea quintana)	283165	283165
Q6FFS1	LLDD_ACIAD	cellular organisms, Bacteria, Proteobacteria, Gammaproteobacteria, Pseudomonadales, Moraxellaceae, Acinetobacter, Acinetobacter baylyi, Acinetobacter baylyi (strain ATCC 33305 / BD413 / ADP1)	Acinetobacter baylyi (strain ATCC 33305 / BD413 / ADP1)	62977	62977
B2FIJ0	LLDD_STRMK	cellular organisms, Bacteria, Proteobacteria, Gammaproteobacteria, Xanthomonadales, Xanthomonadaceae, Stenotrophomonas, Stenotrophomonas maltophilia group, Stenotrophomonas maltophilia (Pseudomonas maltophilia) (Xanthomonas maltophilia), Stenotrophomonas maltophilia (strain K279a)	Stenotrophomonas maltophilia (strain K279a)	522373	522373
A8HTC9	LLDD_AZOC5	cellular organisms, Bacteria, Proteobacteria, Alphaproteobacteria, Rhizobiales, Xanthobacteraceae, Azorhizobium, Azorhizobium caulinodans, Azorhizobium caulinodans (strain ATCC 43989 / DSM 5975 / JCM 20966 / NBRC 14845 / NCIMB 13405 / ORS 571)	Azorhizobium caulinodans (strain ATCC 43989 / DSM 5975 / JCM 20966 / NBRC 14845 / NCIMB 13405 / ORS 571)	438753	438753
B0T7X2	LLDD_CAUSK	cellular organisms, Bacteria, Proteobacteria, Alphaproteobacteria, Caulobacterales, Caulobacteraceae, Caulobacter, unclassified Caulobacter, Caulobacter sp. (strain K31)	Caulobacter sp. (strain K31)	366602	366602
B7LTL2	LLDD_ESCF3	cellular organisms, Bacteria, Proteobacteria, Gammaproteobacteria, Enterobacterales, Enterobacteriaceae, Escherichia, Escherichia fergusonii, Escherichia fergusonii (strain ATCC 35469 / DSM 13698 / CDC 0568-73)	Escherichia fergusonii (strain ATCC 35469 / DSM 13698 / CDC 0568-73)	585054	585054
Q3BZH2	LLDD_XANC5	cellular organisms, Bacteria, Proteobacteria, Gammaproteobacteria, Xanthomonadales, Xanthomonadaceae, Xanthomonas, Xanthomonas euvesicatoria, Xanthomonas campestris pv. vesicatoria (strain 85-10)	Xanthomonas campestris pv. vesicatoria (strain 85-10)	316273	316273
Q7VPI9	LLDD_HAEDU	cellular organisms, Bacteria, Proteobacteria, Gammaproteobacteria, Pasteurellales, Pasteurellaceae, Haemophilus, Haemophilus ducreyi, Haemophilus ducreyi (strain 35000HP / ATCC 700724)	Haemophilus ducreyi (strain 35000HP / ATCC 700724)	233412	233412
Q8PR33	LLDD_XANAC	cellular organisms, Bacteria, Proteobacteria, Gammaproteobacteria, Xanthomonadales, Xanthomonadaceae, Xanthomonas, Xanthomonas citri group, Xanthomonas citri (Xanthomonas campestris pv. citri), Xanthomonas citri pv. citri, Xanthomonas axonopodis pv. citri (strain 306)	Xanthomonas axonopodis pv. citri (strain 306)	190486	190486
A9IN89	LLDD_BART1	cellular organisms, Bacteria, Proteobacteria, Alphaproteobacteria, Rhizobiales, Bartonellaceae, Bartonella, Bartonella tribocorum, Bartonella tribocorum (strain CIP 105476 / IBS 506)	Bartonella tribocorum (strain CIP 105476 / IBS 506)	382640	382640
A7FJF0	LLDD_YERP3	cellular organisms, Bacteria, Proteobacteria, Gammaproteobacteria, Enterobacterales, Yersiniaceae, Yersinia, Yersinia pseudotuberculosis complex, Yersinia pseudotuberculosis, Yersinia pseudotuberculosis serotype O:1b (strain IP 31758)	Yersinia pseudotuberculosis serotype O:1b (strain IP 31758)	349747	349747
P47177	2NDP_YEAST	cellular organisms, Eukaryota, Opisthokonta, Fungi, Dikarya, Ascomycota, saccharomyceta, Saccharomycotina (true yeasts), Saccharomycetes, Saccharomycetales, Saccharomycetaceae, Saccharomyces, Saccharomyces cerevisiae (Baker's yeast), Saccharomyces cerevisiae (strain ATCC 204508 / S288c) (Baker's yeast)	Saccharomyces cerevisiae (strain ATCC 204508 / S288c) (Baker's yeast)	559292	559292
B0VND0	LLDD_ACIBS	cellular organisms, Bacteria, Proteobacteria, Gammaproteobacteria, Pseudomonadales, Moraxellaceae, Acinetobacter, Acinetobacter calcoaceticus/baumannii complex, Acinetobacter baumannii, Acinetobacter baumannii (strain SDF)	Acinetobacter baumannii (strain SDF)	509170	509170
A8LWZ4	PDXS_SALAI	cellular organisms, Bacteria, Terrabacteria group, Actinobacteria, Actinobacteria (high G+C Gram-positive bacteria), Micromonosporales, Micromonosporaceae, Salinispora, Salinispora arenicola, Salinispora arenicola (strain CNS-205)	Salinispora arenicola (strain CNS-205)	391037	391037
B2A2Z7	PDXS_NATTJ	cellular organisms, Bacteria, Terrabacteria group, Firmicutes, Clostridia, Natranaerobiales, Natranaerobiaceae, Natranaerobius, Natranaerobius thermophilus, Natranaerobius thermophilus (strain ATCC BAA-1301 / DSM 18059 / JW/NM-WN-LF)	Natranaerobius thermophilus (strain ATCC BAA-1301 / DSM 18059 / JW/NM-WN-LF)	457570	457570
B2TEK6	NMO_PARPJ	cellular organisms, Bacteria, Proteobacteria, Betaproteobacteria, Burkholderiales, Burkholderiaceae, Paraburkholderia, Paraburkholderia phytofirmans, Paraburkholderia phytofirmans (strain DSM 17436 / LMG 22146 / PsJN) (Burkholderia phytofirmans)	Paraburkholderia phytofirmans (strain DSM 17436 / LMG 22146 / PsJN) (Burkholderia phytofirmans)	398527	398527
Q8R7I7	NANE_CALS4	cellular organisms, Bacteria, Terrabacteria group, Firmicutes, Clostridia, Thermoanaerobacterales, Thermoanaerobacteraceae, Caldanaerobacter, Caldanaerobacter subterraneus, Caldanaerobacter subterraneus subsp. tengcongensis, Caldanaerobacter subterraneus subsp. tengcongensis (strain DSM 15242 / JCM 11007 / NBRC 100824 / MB4) (Thermoanaerobacter tengcongensis)	Caldanaerobacter subterraneus subsp. tengcongensis (strain DSM 15242 / JCM 11007 / NBRC 100824 / MB4) (Thermoanaerobacter tengcongensis)	273068	273068
O05413	NMO_BACSU	cellular organisms, Bacteria, Terrabacteria group, Firmicutes, Bacilli, Bacillales, Bacillaceae, Bacillus, Bacillus subtilis group, Bacillus subtilis, Bacillus subtilis subsp. subtilis, Bacillus subtilis (strain 168)	Bacillus subtilis (strain 168)	224308	224308
A0JUZ7	HIS4_ARTS2	cellular organisms, Bacteria, Terrabacteria group, Actinobacteria, Actinobacteria (high G+C Gram-positive bacteria), Micrococcales, Micrococcaceae, Arthrobacter, unclassified Arthrobacter, Arthrobacter sp. (strain FB24)	Arthrobacter sp. (strain FB24)	290399	290399
A9WQA3	HIS4_RENSM	cellular organisms, Bacteria, Terrabacteria group, Actinobacteria, Actinobacteria (high G+C Gram-positive bacteria), Micrococcales, Micrococcaceae, Renibacterium, Renibacterium salmoninarum, Renibacterium salmoninarum (strain ATCC 33209 / DSM 20767 / JCM 11484 / NBRC 15589 / NCIMB 2235)	Renibacterium salmoninarum (strain ATCC 33209 / DSM 20767 / JCM 11484 / NBRC 15589 / NCIMB 2235)	288705	288705
Q12723	2NPD_CYBMR	cellular organisms, Eukaryota, Opisthokonta, Fungi, Dikarya, Ascomycota, saccharomyceta, Saccharomycotina (true yeasts), Saccharomycetes, Saccharomycetales, Phaffomycetaceae, Cyberlindnera, Cyberlindnera mrakii (Yeast) (Williopsis mrakii)	Cyberlindnera mrakii (Yeast) (Williopsis mrakii)	1004253	1004253
Q6A6A0	NANE_CUTAK	cellular organisms, Bacteria, Terrabacteria group, Actinobacteria, Actinobacteria (high G+C Gram-positive bacteria), Propionibacteriales, Propionibacteriaceae, Cutibacterium, Cutibacterium acnes (Propionibacterium acnes), Cutibacterium acnes (strain DSM 16379 / KPA171202) (Propionibacterium acnes)	Cutibacterium acnes (strain DSM 16379 / KPA171202) (Propionibacterium acnes)	267747	267747
A4WDW4	NANE_ENT38	cellular organisms, Bacteria, Proteobacteria, Gammaproteobacteria, Enterobacterales, Enterobacteriaceae, Enterobacter, unclassified Enterobacter, Enterobacter sp. (strain 638)	Enterobacter sp. (strain 638)	399742	399742
Q2SS69	NANE_MYCCT	cellular organisms, Bacteria, Terrabacteria group, Tenericutes, Mollicutes, Mycoplasmatales, Mycoplasmataceae, Mycoplasma, Mycoplasma mycoides group, Mycoplasma capricolum, Mycoplasma capricolum subsp. capricolum, Mycoplasma capricolum subsp. capricolum (strain California kid / ATCC 27343 / NCTC 10154)	Mycoplasma capricolum subsp. capricolum (strain California kid / ATCC 27343 / NCTC 10154)	340047	340047
Q8DGQ5	NANE_THEEB	cellular organisms, Bacteria, Terrabacteria group, Cyanobacteria/Melainabacteria group, Cyanobacteria, Synechococcales, Synechococcaceae, Thermosynechococcus, Thermosynechococcus elongatus, Thermosynechococcus elongatus (strain BP-1)	Thermosynechococcus elongatus (strain BP-1)	197221	197221
Q5UZH1	HIS4_HALMA	cellular organisms, Archaea, Euryarchaeota, Stenosarchaea group, Halobacteria, Halobacteriales, Haloarculaceae, Haloarcula, Haloarcula marismortui, Haloarcula marismortui (strain ATCC 43049 / DSM 3752 / JCM 8966 / VKM B-1809) (Halobacterium marismortui)	Haloarcula marismortui (strain ATCC 43049 / DSM 3752 / JCM 8966 / VKM B-1809) (Halobacterium marismortui)	272569	272569
Q7NTY1	GUAC_CHRVO	cellular organisms, Bacteria, Proteobacteria, Betaproteobacteria, Neisseriales, Chromobacteriaceae, Chromobacterium group, Chromobacterium, Chromobacterium violaceum, Chromobacterium violaceum (strain ATCC 12472 / DSM 30191 / JCM 1249 / NBRC 12614 / NCIMB 9131 / NCTC 9757)	Chromobacterium violaceum (strain ATCC 12472 / DSM 30191 / JCM 1249 / NBRC 12614 / NCIMB 9131 / NCTC 9757)	243365	243365
Q49W60	NMO_STAS1	cellular organisms, Bacteria, Terrabacteria group, Firmicutes, Bacilli, Bacillales, Staphylococcaceae, Staphylococcus, Staphylococcus saprophyticus, Staphylococcus saprophyticus subsp. saprophyticus, Staphylococcus saprophyticus subsp. saprophyticus (strain ATCC 15305 / DSM 20229 / NCIMB 8711 / NCTC 7292 / S-41)	Staphylococcus saprophyticus subsp. saprophyticus (strain ATCC 15305 / DSM 20229 / NCIMB 8711 / NCTC 7292 / S-41)	342451	342451
Q4L4T4	NMO_STAHJ	cellular organisms, Bacteria, Terrabacteria group, Firmicutes, Bacilli, Bacillales, Staphylococcaceae, Staphylococcus, Staphylococcus haemolyticus, Staphylococcus haemolyticus (strain JCSC1435)	Staphylococcus haemolyticus (strain JCSC1435)	279808	279808
Q8NXG7	NMO_STAAW	cellular organisms, Bacteria, Terrabacteria group, Firmicutes, Bacilli, Bacillales, Staphylococcaceae, Staphylococcus, Staphylococcus aureus, Staphylococcus aureus subsp. aureus, Staphylococcus aureus (strain MW2)	Staphylococcus aureus (strain MW2)	196620	196620
Q2FIF3	NMO_STAA3	cellular organisms, Bacteria, Terrabacteria group, Firmicutes, Bacilli, Bacillales, Staphylococcaceae, Staphylococcus, Staphylococcus aureus, Staphylococcus aureus subsp. aureus, Staphylococcus aureus (strain USA300)	Staphylococcus aureus (strain USA300)	367830	367830
Q58746	AGLUS_METJA	cellular organisms, Archaea, Euryarchaeota, Methanomada group, Methanococci, Methanococcales, Methanocaldococcaceae, Methanocaldococcus, Methanocaldococcus jannaschii, Methanocaldococcus jannaschii (strain ATCC 43067 / DSM 2661 / JAL-1 / JCM 10045 / NBRC 100440) (Methanococcus jannaschii)	Methanocaldococcus jannaschii (strain ATCC 43067 / DSM 2661 / JAL-1 / JCM 10045 / NBRC 100440) (Methanococcus jannaschii)	243232	243232
A2SQR0	HIS4_METLZ	cellular organisms, Archaea, Euryarchaeota, Stenosarchaea group, Methanomicrobia, Methanomicrobiales, Methanocorpusculaceae, Methanocorpusculum, Methanocorpusculum labreanum, Methanocorpusculum labreanum (strain ATCC 43576 / DSM 4855 / Z)	Methanocorpusculum labreanum (strain ATCC 43576 / DSM 4855 / Z)	410358	410358
Q3IT10	HIS4_NATPD	cellular organisms, Archaea, Euryarchaeota, Stenosarchaea group, Halobacteria, Halobacteriales, Haloarculaceae, Natronomonas, Natronomonas pharaonis (Natronobacterium pharaonis), Natronomonas pharaonis (strain ATCC 35678 / DSM 2160 / CIP 103997 / NBRC 14720 / NCIMB 2260 / Gabara) (Halobacterium pharaonis)	Natronomonas pharaonis (strain ATCC 35678 / DSM 2160 / CIP 103997 / NBRC 14720 / NCIMB 2260 / Gabara) (Halobacterium pharaonis)	348780	348780
B1I557	HIS4_DESAP	cellular organisms, Bacteria, Terrabacteria group, Firmicutes, Clostridia, Clostridiales, Peptococcaceae, Candidatus Desulforudis, Candidatus Desulforudis audaxviator, Desulforudis audaxviator (strain MP104C)	Desulforudis audaxviator (strain MP104C)	477974	477974
A9B5I3	HIS4_HERA2	cellular organisms, Bacteria, Terrabacteria group, Chloroflexi, Chloroflexia, Herpetosiphonales, Herpetosiphonaceae, Herpetosiphon, Herpetosiphon aurantiacus (Herpetosiphon giganteus), Herpetosiphon aurantiacus (strain ATCC 23779 / DSM 785 / 114-95)	Herpetosiphon aurantiacus (strain ATCC 23779 / DSM 785 / 114-95)	316274	316274
Q8TYD6	HIS4_METKA	cellular organisms, Archaea, Euryarchaeota, Methanopyri, Methanopyrales, Methanopyraceae, Methanopyrus, Methanopyrus kandleri, Methanopyrus kandleri (strain AV19 / DSM 6324 / JCM 9639 / NBRC 100938)	Methanopyrus kandleri (strain AV19 / DSM 6324 / JCM 9639 / NBRC 100938)	190192	190192
A0B7W4	HIS4_METTP	cellular organisms, Archaea, Euryarchaeota, Stenosarchaea group, Methanomicrobia, Methanosarcinales, Methanotrichaceae, Methanothrix, Methanothrix thermoacetophila, Methanothrix thermoacetophila (strain DSM 6194 / JCM 14653 / NBRC 101360 / PT) (Methanosaeta thermophila)	Methanothrix thermoacetophila (strain DSM 6194 / JCM 14653 / NBRC 101360 / PT) (Methanosaeta thermophila)	349307	349307
O06179	Y1533_MYCTU	cellular organisms, Bacteria, Terrabacteria group, Actinobacteria, Actinobacteria (high G+C Gram-positive bacteria), Corynebacteriales, Mycobacteriaceae, Mycobacterium, Mycobacterium tuberculosis complex, Mycobacterium tuberculosis, Mycobacterium tuberculosis (strain ATCC 25618 / H37Rv)	Mycobacterium tuberculosis (strain ATCC 25618 / H37Rv)	83332	83332
O87392	GLXD_RHIME	cellular organisms, Bacteria, Proteobacteria, Alphaproteobacteria, Rhizobiales, Rhizobiaceae, Sinorhizobium/Ensifer group, Sinorhizobium, Rhizobium meliloti (Ensifer meliloti) (Sinorhizobium meliloti), Rhizobium meliloti (strain 1021) (Ensifer meliloti) (Sinorhizobium meliloti)	Rhizobium meliloti (strain 1021) (Ensifer meliloti) (Sinorhizobium meliloti)	266834	266834
